country_or_region,domain,variable_name,source_id,market_protocol,status,reason,notes
DE,market,Germany/Luxembourg,de_smard_day_ahead,,ACCEPTED_CORE,Coordinator-approved DE Core source; official SMARD data-use page confirms CC BY 4.0.,scenario_id=DE_CENT; scenario_classification=CORE_FULL_MARKET. No final coordinates or scaling selected. M1_LOCAL_OPEN candidacy retained; no additional protocol assignment in this freeze. Phase03A: exact identifiers and DE_CENT raw 2019-2023 objects frozen; local DST/export-label audit remains before harmonisation.
DE,load,grid load,de_smard_electrical_load,,ACCEPTED_CORE,Coordinator-approved DE Core source; official SMARD data-use page confirms CC BY 4.0.,scenario_id=DE_CENT; scenario_classification=CORE_FULL_MARKET. No final coordinates or scaling selected. Phase03A: exact identifiers and DE_CENT raw 2019-2023 objects frozen; local DST/export-label audit remains before harmonisation.
DK,load,,dk_energinet_dk1_load,,ACCEPTED_CORE,Coordinator-approved DK1 Core source. Direct technical metadata checks failed TLS certificate-chain validation; acceptance does not imply verified API access.,scenario_id=DK_WEST; scenario_classification=CORE_FULL_MARKET. No final coordinates or scaling selected.
DK,market,,dk_energinet_dk1_spot,,ACCEPTED_CORE,Coordinator-approved DK1 Core source. Direct technical metadata checks failed TLS certificate-chain validation; acceptance does not imply verified API access.,scenario_id=DK_WEST; scenario_classification=CORE_FULL_MARKET. No final coordinates or scaling selected. M1_LOCAL_OPEN candidacy retained; no additional protocol assignment in this freeze.
DE,weather,100m_u_component_of_wind,era5_timeseries_100m_u_component_of_wind,,ACCEPTED_CORE,Coordinator-approved canonical weather/reanalysis source; no data retrieval until coordinates are frozen.,scenario_id=DE_CENT; scenario_classification=CORE_FULL_MARKET. No final coordinates or scaling selected.
DK,weather,100m_u_component_of_wind,era5_timeseries_100m_u_component_of_wind,,ACCEPTED_CORE,Coordinator-approved canonical weather/reanalysis source; no data retrieval until coordinates are frozen.,scenario_id=DK_WEST; scenario_classification=CORE_FULL_MARKET. No final coordinates or scaling selected.
FI,weather,100m_u_component_of_wind,era5_timeseries_100m_u_component_of_wind,,ACCEPTED_CORE,Coordinator-approved canonical weather/reanalysis source; no data retrieval until coordinates are frozen.,scenario_id=FI_SOUTH; scenario_classification=CORE_CLIMATE_LOAD. No final coordinates or scaling selected.
GB,weather,100m_u_component_of_wind,era5_timeseries_100m_u_component_of_wind,,ACCEPTED_CORE,Coordinator-approved canonical weather/reanalysis source; no data retrieval until coordinates are frozen.,scenario_id=GB; scenario_classification=CORE_FULL_MARKET. No final coordinates or scaling selected.
DE,weather,100m_v_component_of_wind,era5_timeseries_100m_v_component_of_wind,,ACCEPTED_CORE,Coordinator-approved canonical weather/reanalysis source; no data retrieval until coordinates are frozen.,scenario_id=DE_CENT; scenario_classification=CORE_FULL_MARKET. No final coordinates or scaling selected.
DK,weather,100m_v_component_of_wind,era5_timeseries_100m_v_component_of_wind,,ACCEPTED_CORE,Coordinator-approved canonical weather/reanalysis source; no data retrieval until coordinates are frozen.,scenario_id=DK_WEST; scenario_classification=CORE_FULL_MARKET. No final coordinates or scaling selected.
FI,weather,100m_v_component_of_wind,era5_timeseries_100m_v_component_of_wind,,ACCEPTED_CORE,Coordinator-approved canonical weather/reanalysis source; no data retrieval until coordinates are frozen.,scenario_id=FI_SOUTH; scenario_classification=CORE_CLIMATE_LOAD. No final coordinates or scaling selected.
GB,weather,100m_v_component_of_wind,era5_timeseries_100m_v_component_of_wind,,ACCEPTED_CORE,Coordinator-approved canonical weather/reanalysis source; no data retrieval until coordinates are frozen.,scenario_id=GB; scenario_classification=CORE_FULL_MARKET. No final coordinates or scaling selected.
DE,weather,10m_u_component_of_wind,era5_timeseries_10m_u_component_of_wind,,ACCEPTED_CORE,Coordinator-approved canonical weather/reanalysis source; no data retrieval until coordinates are frozen.,scenario_id=DE_CENT; scenario_classification=CORE_FULL_MARKET. No final coordinates or scaling selected.
DK,weather,10m_u_component_of_wind,era5_timeseries_10m_u_component_of_wind,,ACCEPTED_CORE,Coordinator-approved canonical weather/reanalysis source; no data retrieval until coordinates are frozen.,scenario_id=DK_WEST; scenario_classification=CORE_FULL_MARKET. No final coordinates or scaling selected.
FI,weather,10m_u_component_of_wind,era5_timeseries_10m_u_component_of_wind,,ACCEPTED_CORE,Coordinator-approved canonical weather/reanalysis source; no data retrieval until coordinates are frozen.,scenario_id=FI_SOUTH; scenario_classification=CORE_CLIMATE_LOAD. No final coordinates or scaling selected.
GB,weather,10m_u_component_of_wind,era5_timeseries_10m_u_component_of_wind,,ACCEPTED_CORE,Coordinator-approved canonical weather/reanalysis source; no data retrieval until coordinates are frozen.,scenario_id=GB; scenario_classification=CORE_FULL_MARKET. No final coordinates or scaling selected.
DE,weather,10m_v_component_of_wind,era5_timeseries_10m_v_component_of_wind,,ACCEPTED_CORE,Coordinator-approved canonical weather/reanalysis source; no data retrieval until coordinates are frozen.,scenario_id=DE_CENT; scenario_classification=CORE_FULL_MARKET. No final coordinates or scaling selected.
DK,weather,10m_v_component_of_wind,era5_timeseries_10m_v_component_of_wind,,ACCEPTED_CORE,Coordinator-approved canonical weather/reanalysis source; no data retrieval until coordinates are frozen.,scenario_id=DK_WEST; scenario_classification=CORE_FULL_MARKET. No final coordinates or scaling selected.
FI,weather,10m_v_component_of_wind,era5_timeseries_10m_v_component_of_wind,,ACCEPTED_CORE,Coordinator-approved canonical weather/reanalysis source; no data retrieval until coordinates are frozen.,scenario_id=FI_SOUTH; scenario_classification=CORE_CLIMATE_LOAD. No final coordinates or scaling selected.
GB,weather,10m_v_component_of_wind,era5_timeseries_10m_v_component_of_wind,,ACCEPTED_CORE,Coordinator-approved canonical weather/reanalysis source; no data retrieval until coordinates are frozen.,scenario_id=GB; scenario_classification=CORE_FULL_MARKET. No final coordinates or scaling selected.
DE,weather,2m_temperature,era5_timeseries_2m_temperature,,ACCEPTED_CORE,Coordinator-approved canonical weather/reanalysis source; no data retrieval until coordinates are frozen.,scenario_id=DE_CENT; scenario_classification=CORE_FULL_MARKET. No final coordinates or scaling selected.
DK,weather,2m_temperature,era5_timeseries_2m_temperature,,ACCEPTED_CORE,Coordinator-approved canonical weather/reanalysis source; no data retrieval until coordinates are frozen.,scenario_id=DK_WEST; scenario_classification=CORE_FULL_MARKET. No final coordinates or scaling selected.
FI,weather,2m_temperature,era5_timeseries_2m_temperature,,ACCEPTED_CORE,Coordinator-approved canonical weather/reanalysis source; no data retrieval until coordinates are frozen.,scenario_id=FI_SOUTH; scenario_classification=CORE_CLIMATE_LOAD. No final coordinates or scaling selected.
GB,weather,2m_temperature,era5_timeseries_2m_temperature,,ACCEPTED_CORE,Coordinator-approved canonical weather/reanalysis source; no data retrieval until coordinates are frozen.,scenario_id=GB; scenario_classification=CORE_FULL_MARKET. No final coordinates or scaling selected.
DE,weather,surface_solar_radiation_downwards,era5_timeseries_surface_solar_radiation_downwards,,ACCEPTED_CORE,Coordinator-approved canonical weather/reanalysis source; no data retrieval until coordinates are frozen.,scenario_id=DE_CENT; scenario_classification=CORE_FULL_MARKET. No final coordinates or scaling selected.
DK,weather,surface_solar_radiation_downwards,era5_timeseries_surface_solar_radiation_downwards,,ACCEPTED_CORE,Coordinator-approved canonical weather/reanalysis source; no data retrieval until coordinates are frozen.,scenario_id=DK_WEST; scenario_classification=CORE_FULL_MARKET. No final coordinates or scaling selected.
FI,weather,surface_solar_radiation_downwards,era5_timeseries_surface_solar_radiation_downwards,,ACCEPTED_CORE,Coordinator-approved canonical weather/reanalysis source; no data retrieval until coordinates are frozen.,scenario_id=FI_SOUTH; scenario_classification=CORE_CLIMATE_LOAD. No final coordinates or scaling selected.
GB,weather,surface_solar_radiation_downwards,era5_timeseries_surface_solar_radiation_downwards,,ACCEPTED_CORE,Coordinator-approved canonical weather/reanalysis source; no data retrieval until coordinates are frozen.,scenario_id=GB; scenario_classification=CORE_FULL_MARKET. No final coordinates or scaling selected.
DE,fuel,,eu_ec_weekly_oil_bulletin_diesel,,ACCEPTED_CORE,Phase 02B-2 coordinator explicitly promotes this EU fuel-price source to ACCEPTED_CORE under the European Commission reuse policy / CC BY 4.0 unless specifically indicated otherwise.,scenario_id=DE_CENT; scenario_classification=CORE_FULL_MARKET. No final coordinates or scaling selected.
DK,fuel,,eu_ec_weekly_oil_bulletin_diesel,,ACCEPTED_CORE,Phase 02B-2 coordinator explicitly promotes this EU fuel-price source to ACCEPTED_CORE under the European Commission reuse policy / CC BY 4.0 unless specifically indicated otherwise.,scenario_id=DK_WEST; scenario_classification=CORE_FULL_MARKET. No final coordinates or scaling selected.
FI,fuel,,eu_ec_weekly_oil_bulletin_diesel,,ACCEPTED_CORE,Phase 02B-2 coordinator explicitly promotes this EU fuel-price source to ACCEPTED_CORE under the European Commission reuse policy / CC BY 4.0 unless specifically indicated otherwise.,scenario_id=FI_SOUTH; scenario_classification=CORE_CLIMATE_LOAD. No final coordinates or scaling selected.
ES,fuel,,eu_ec_weekly_oil_bulletin_diesel,,ACCEPTED_CORE,Phase 02B-2 coordinator explicitly promotes this EU fuel-price source to ACCEPTED_CORE under the European Commission reuse policy / CC BY 4.0 unless specifically indicated otherwise.,scenario_id=ES_MED; scenario_classification=EXTENSION. No final coordinates or scaling selected. Source link does not promote ES_MED into Core; local load/market are user-supplied-only.
FI,load,value (datasetId 124),fi_fingrid_124_load,,ACCEPTED_CORE,"Coordinator-approved LOAD source; derived is the closest registry enum for the explicitly supplied official system calculation, not an E-MIND transformation.",scenario_id=FI_SOUTH; scenario_classification=CORE_CLIMATE_LOAD. No final coordinates or scaling selected.
FI,market,,fi_local_day_ahead_blocked,,BLOCKED,Local day-ahead values require a separate redistribution-rights resolution; public accessibility alone is not sufficient.,scenario_id=FI_SOUTH; scenario_classification=CORE_CLIMATE_LOAD. No final coordinates or scaling selected. Local market BLOCKED; M2/M3 are unselected future options.
GB,fuel,ULSD,gb_desnz_weekly_diesel,,ACCEPTED_CORE,"Coordinator-approved source conditional on official licence metadata; GOV.UK publication expressly states OGL v3.0 unless otherwise stated, with no source-specific exception found in its publication metadata.",scenario_id=GB; scenario_classification=CORE_FULL_MARKET. No final coordinates or scaling selected.
GB,market,IMRP_Amount,gb_lccc_imrp_actuals,,ACCEPTED_CORE,Coordinator-approved core GB market source; M1 candidate only.,scenario_id=GB; scenario_classification=CORE_FULL_MARKET. No final coordinates or scaling selected. M1_LOCAL_OPEN candidacy retained; no additional protocol assignment in this freeze.
GB,load,ND,gb_neso_historic_demand,,ACCEPTED_CORE,"Phase 02B-2 coordinator decision: use ND because it excludes station load, pumped-storage pumping and interconnector exports, providing a cleaner demand-shape proxy for later microgrid scaling.",scenario_id=GB; scenario_classification=CORE_FULL_MARKET. No final coordinates or scaling selected.
ES,weather,100m_u_component_of_wind,era5_timeseries_100m_u_component_of_wind,,ACCEPTED_CORE,Coordinator-approved canonical weather/reanalysis source; no data retrieval until coordinates are frozen.,scenario_id=ES_MED; scenario_classification=EXTENSION. ERA5 weather linkage approved; no geographic coordinate selected.
ES,weather,100m_v_component_of_wind,era5_timeseries_100m_v_component_of_wind,,ACCEPTED_CORE,Coordinator-approved canonical weather/reanalysis source; no data retrieval until coordinates are frozen.,scenario_id=ES_MED; scenario_classification=EXTENSION. ERA5 weather linkage approved; no geographic coordinate selected.
ES,weather,10m_u_component_of_wind,era5_timeseries_10m_u_component_of_wind,,ACCEPTED_CORE,Coordinator-approved canonical weather/reanalysis source; no data retrieval until coordinates are frozen.,scenario_id=ES_MED; scenario_classification=EXTENSION. ERA5 weather linkage approved; no geographic coordinate selected.
ES,weather,10m_v_component_of_wind,era5_timeseries_10m_v_component_of_wind,,ACCEPTED_CORE,Coordinator-approved canonical weather/reanalysis source; no data retrieval until coordinates are frozen.,scenario_id=ES_MED; scenario_classification=EXTENSION. ERA5 weather linkage approved; no geographic coordinate selected.
ES,weather,2m_temperature,era5_timeseries_2m_temperature,,ACCEPTED_CORE,Coordinator-approved canonical weather/reanalysis source; no data retrieval until coordinates are frozen.,scenario_id=ES_MED; scenario_classification=EXTENSION. ERA5 weather linkage approved; no geographic coordinate selected.
ES,weather,surface_solar_radiation_downwards,era5_timeseries_surface_solar_radiation_downwards,,ACCEPTED_CORE,Coordinator-approved canonical weather/reanalysis source; no data retrieval until coordinates are frozen.,scenario_id=ES_MED; scenario_classification=EXTENSION. ERA5 weather linkage approved; no geographic coordinate selected.
ES,load,,es_local_load_user_supplied,M3_USER_SUPPLIED_LOCAL,USER_SUPPLIED_ONLY,Coordinator freeze: ES_MED is EXTENSION; local load/market use M3_USER_SUPPLIED_LOCAL pending a cleaner open source or explicit redistribution permission. REE/e-sios values are not accepted as redistributable Core data under current evidence.,scenario_id=ES_MED; scenario_classification=EXTENSION. Local load values not redistributed in Core; no REE/e-sios acceptance or substitute provider.
ES,market,,es_local_market_user_supplied,M3_USER_SUPPLIED_LOCAL,USER_SUPPLIED_ONLY,Coordinator freeze: ES_MED is EXTENSION; local load/market use M3_USER_SUPPLIED_LOCAL pending a cleaner open source or explicit redistribution permission. REE/e-sios values are not accepted as redistributable Core data under current evidence.,scenario_id=ES_MED; scenario_classification=EXTENSION. Local market values not redistributed in Core; no REE/e-sios acceptance or substitute provider.
