source_id,domain,country_or_region,provider,dataset_name,dataset_version,variable_name,variable_description,native_unit,native_frequency,native_timezone,coverage_start,coverage_end,access_method,api_or_download_endpoint,licence_name,licence_url,redistribution_allowed,commercial_reuse_allowed,derivative_reuse_allowed,attribution_required,doi,citation,source_type,status,reason,known_gaps,notes,retrieval_verified,metadata_checked_at_utc
de_smard_day_ahead,market,DE,Bundesnetzagentur | SMARD.de,SMARD market data — Local day-ahead market price,historical capture raw snapshot retrieved 2026-09-08; exact bytes/HTTP metadata in raw manifests,Germany/Luxembourg,"Weighted wholesale day-ahead auction price, Germany/Luxembourg; module 8004169, data_id 4169, category 3/subcategory 8, request region DE-LU.",EUR/MWh,hourly in frozen 2019-2023; 15-minute day-ahead products from 2025-10-01,"Europe/Berlin, CET/CEST; exported local Start date and End date labels without offset",2019-01-01 (frozen pilot coverage),2023-12-31 (frozen pilot coverage),Official SMARD download-centre POST JSON; three unmodified CSV export objects per source,https://www.smard.de/nip-download-manager/nip/download/market-data,Creative Commons Attribution 4.0 International (CC BY 4.0),https://www.smard.de/en/datennutzung,true,true,true,true,,,observed,ACCEPTED_CORE,Coordinator-approved DE Core source; official SMARD data-use page confirms CC BY 4.0.,Local DST labels repeat/skip; exported End date has discontinuities at DST. Preserve row order; exact canonical interpretation remains historical capture design prerequisite. Provider market header says Calculated resolutions despite historical hourly native products; preserve marker and audit provider export semantics.,DE_CENT: original grouped provider exports and immutable snapshot identifiers/hashes retained. Local Start/End labels use CET/CEST. Retain Bundesnetzagentur | SMARD.de attribution and CC BY 4.0. Provider records are not co-located microgrid measurements; exact UTC alignment and transformations are documented separately.,true,2026-09-08T11:46:49.412640+00:00
de_smard_electrical_load,load,DE,Bundesnetzagentur | SMARD.de,SMARD market data — Electrical load / electricity consumption,historical capture raw snapshot retrieved 2026-09-08; exact bytes/HTTP metadata in raw manifests,grid load,"SMARD actual consumption, grid load; module 5000410, data_id 410, category 2/subcategory 5, region DE.",MWh,15 minutes (native load resolution),"Europe/Berlin, CET/CEST; exported local Start date and End date labels without offset",2019-01-01 (frozen pilot coverage),2023-12-31 (frozen pilot coverage),Official SMARD download-centre POST JSON; three unmodified CSV export objects per source,https://www.smard.de/nip-download-manager/nip/download/market-data,Creative Commons Attribution 4.0 International (CC BY 4.0),https://www.smard.de/en/datennutzung,true,true,true,true,,,observed,ACCEPTED_CORE,Coordinator-approved DE Core source; official SMARD data-use page confirms CC BY 4.0.,Local DST labels repeat/skip; exported End date has discontinuities at DST. Preserve row order; exact canonical interpretation remains historical capture design prerequisite.,DE_CENT: original grouped provider exports and immutable snapshot identifiers/hashes retained. Local Start/End labels use CET/CEST. Retain Bundesnetzagentur | SMARD.de attribution and CC BY 4.0. Provider records are not co-located microgrid measurements; exact UTC alignment and transformations are documented separately.,true,2026-09-08T11:46:49.412640+00:00
dk_energinet_dk1_load,load,DK1,Energinet — Energi Data Service,DK1 load/consumption (exact Energi Data Service dataset identifier pending verification),,,Coordinator-approved DK1 electrical load/consumption source; exact published field pending technical verification.,,,,,,Public Energi Data Service HTTP GET API; precise dataset and schema pending technical verification,https://api.energidataservice.dk/,Creative Commons Attribution 4.0 International (CC BY 4.0),https://creativecommons.org/licenses/by/4.0/,true,true,true,true,,,observed,ACCEPTED_CORE,Coordinator-approved DK1 Core source. Direct technical metadata checks failed TLS certificate-chain validation; acceptance does not imply verified API access.,"Exact dataset identifier, field identifier, native unit/frequency/timezone and coverage remain pending technical verification.","Scenario working identifier DK_WEST; DK1 area is coordinator approved. Rights and Core status come from coordinator handoff, not inference from API availability. Attribute Energinet and indicate changes. Source type observed is a provisional encoding of official published records; exact provider processing remains to be verified. No geographic coordinates or scientific transformations selected. Evidence: retained provenance record.",false,
dk_energinet_dk1_spot,market,DK1,Energinet — Energi Data Service,DK1 day-ahead/spot prices (exact Energi Data Service dataset identifier pending verification),,,Coordinator-approved DK1 local day-ahead/spot price source; exact published field pending technical verification.,,,,,,Public Energi Data Service HTTP GET API; precise dataset and schema pending technical verification,https://api.energidataservice.dk/,Creative Commons Attribution 4.0 International (CC BY 4.0),https://creativecommons.org/licenses/by/4.0/,true,true,true,true,,,observed,ACCEPTED_CORE,Coordinator-approved DK1 Core source. Direct technical metadata checks failed TLS certificate-chain validation; acceptance does not imply verified API access.,"Exact dataset identifier, field identifier, native unit/frequency/timezone and coverage remain pending technical verification.","Scenario working identifier DK_WEST; DK1 area is coordinator approved. Rights and Core status come from coordinator handoff, not inference from API availability. Attribute Energinet and indicate changes. Source type observed is a provisional encoding of official published records; exact provider processing remains to be verified. No geographic coordinates or scientific transformations selected. Evidence: retained provenance record.",false,
era5_timeseries_100m_u_component_of_wind,weather,Global,Copernicus Climate Change Service / ECMWF,ERA5 hourly time-series data on single levels from 1940 to present,,100m_u_component_of_wind,100m u-component of wind,m s-1,hourly,,1940-01-01,2026-09-03 (catalogue form maximum at check time; ongoing series),CDS catalogue metadata only in this phase; future CDS API retrieval requires approved coordinates and separate authorization,https://cds.climate.copernicus.eu/api/retrieve/v1/processes/reanalysis-era5-single-levels-timeseries,Creative Commons Attribution 4.0 International (CC BY 4.0),https://creativecommons.org/licenses/by/4.0/,true,true,true,true,10.24381/1cf1ad76,,reanalysis,ACCEPTED_CORE,Coordinator-approved canonical weather/reanalysis source; no data retrieval until coordinates are frozen.,Exact native timestamp convention and source completeness not checked; current catalogue bound is not a frozen benchmark period.,"Coordinator-approved canonical ERA5 hourly time-series source; DOI 10.24381/1cf1ad76. Exact API variable verified in official catalogue-linked form. Regular latitude-longitude atmospheric grid approximately 0.25 degree; requested location uses nearest grid point. No E-MIND coordinates selected and no CDS data retrieval requested. Vendor form contains UI defaults only, not E-MIND selections. Evidence: retained provenance record.txt, era5_form_metadata.sample.txt, era5_layout.sample.txt.",false,2026-09-08T10:58:29.545844+00:00
era5_timeseries_100m_v_component_of_wind,weather,Global,Copernicus Climate Change Service / ECMWF,ERA5 hourly time-series data on single levels from 1940 to present,,100m_v_component_of_wind,100m v-component of wind,m s-1,hourly,,1940-01-01,2026-09-03 (catalogue form maximum at check time; ongoing series),CDS catalogue metadata only in this phase; future CDS API retrieval requires approved coordinates and separate authorization,https://cds.climate.copernicus.eu/api/retrieve/v1/processes/reanalysis-era5-single-levels-timeseries,Creative Commons Attribution 4.0 International (CC BY 4.0),https://creativecommons.org/licenses/by/4.0/,true,true,true,true,10.24381/1cf1ad76,,reanalysis,ACCEPTED_CORE,Coordinator-approved canonical weather/reanalysis source; no data retrieval until coordinates are frozen.,Exact native timestamp convention and source completeness not checked; current catalogue bound is not a frozen benchmark period.,"Coordinator-approved canonical ERA5 hourly time-series source; DOI 10.24381/1cf1ad76. Exact API variable verified in official catalogue-linked form. Regular latitude-longitude atmospheric grid approximately 0.25 degree; requested location uses nearest grid point. No E-MIND coordinates selected and no CDS data retrieval requested. Vendor form contains UI defaults only, not E-MIND selections. Evidence: retained provenance record.txt, era5_form_metadata.sample.txt, era5_layout.sample.txt.",false,2026-09-08T10:58:29.545844+00:00
era5_timeseries_10m_u_component_of_wind,weather,Global,Copernicus Climate Change Service / ECMWF,ERA5 hourly time-series data on single levels from 1940 to present,,10m_u_component_of_wind,10m u-component of wind,m s-1,hourly,,1940-01-01,2026-09-03 (catalogue form maximum at check time; ongoing series),CDS catalogue metadata only in this phase; future CDS API retrieval requires approved coordinates and separate authorization,https://cds.climate.copernicus.eu/api/retrieve/v1/processes/reanalysis-era5-single-levels-timeseries,Creative Commons Attribution 4.0 International (CC BY 4.0),https://creativecommons.org/licenses/by/4.0/,true,true,true,true,10.24381/1cf1ad76,,reanalysis,ACCEPTED_CORE,Coordinator-approved canonical weather/reanalysis source; no data retrieval until coordinates are frozen.,Exact native timestamp convention and source completeness not checked; current catalogue bound is not a frozen benchmark period.,"Coordinator-approved canonical ERA5 hourly time-series source; DOI 10.24381/1cf1ad76. Exact API variable verified in official catalogue-linked form. Regular latitude-longitude atmospheric grid approximately 0.25 degree; requested location uses nearest grid point. No E-MIND coordinates selected and no CDS data retrieval requested. Vendor form contains UI defaults only, not E-MIND selections. Evidence: retained provenance record.txt, era5_form_metadata.sample.txt, era5_layout.sample.txt.",false,2026-09-08T10:58:29.545844+00:00
era5_timeseries_10m_v_component_of_wind,weather,Global,Copernicus Climate Change Service / ECMWF,ERA5 hourly time-series data on single levels from 1940 to present,,10m_v_component_of_wind,10m v-component of wind,,hourly,,1940-01-01,2026-09-03 (catalogue form maximum at check time; ongoing series),CDS catalogue metadata only in this phase; future CDS API retrieval requires approved coordinates and separate authorization,https://cds.climate.copernicus.eu/api/retrieve/v1/processes/reanalysis-era5-single-levels-timeseries,Creative Commons Attribution 4.0 International (CC BY 4.0),https://creativecommons.org/licenses/by/4.0/,true,true,true,true,10.24381/1cf1ad76,,reanalysis,ACCEPTED_CORE,Coordinator-approved canonical weather/reanalysis source; no data retrieval until coordinates are frozen.,Exact native timestamp convention and source completeness not checked; current catalogue bound is not a frozen benchmark period. Unit metadata not found for this exact variable in checked layout; pending verification.,"Coordinator-approved canonical ERA5 hourly time-series source; DOI 10.24381/1cf1ad76. Exact API variable verified in official catalogue-linked form. Regular latitude-longitude atmospheric grid approximately 0.25 degree; requested location uses nearest grid point. No E-MIND coordinates selected and no CDS data retrieval requested. Vendor form contains UI defaults only, not E-MIND selections. Evidence: retained provenance record.txt, era5_form_metadata.sample.txt, era5_layout.sample.txt.",false,2026-09-08T10:58:29.545844+00:00
era5_timeseries_2m_temperature,weather,Global,Copernicus Climate Change Service / ECMWF,ERA5 hourly time-series data on single levels from 1940 to present,,2m_temperature,2m temperature,K,hourly,,1940-01-01,2026-09-03 (catalogue form maximum at check time; ongoing series),CDS catalogue metadata only in this phase; future CDS API retrieval requires approved coordinates and separate authorization,https://cds.climate.copernicus.eu/api/retrieve/v1/processes/reanalysis-era5-single-levels-timeseries,Creative Commons Attribution 4.0 International (CC BY 4.0),https://creativecommons.org/licenses/by/4.0/,true,true,true,true,10.24381/1cf1ad76,,reanalysis,ACCEPTED_CORE,Coordinator-approved canonical weather/reanalysis source; no data retrieval until coordinates are frozen.,Exact native timestamp convention and source completeness not checked; current catalogue bound is not a frozen benchmark period.,"Coordinator-approved canonical ERA5 hourly time-series source; DOI 10.24381/1cf1ad76. Exact API variable verified in official catalogue-linked form. Regular latitude-longitude atmospheric grid approximately 0.25 degree; requested location uses nearest grid point. No E-MIND coordinates selected and no CDS data retrieval requested. Vendor form contains UI defaults only, not E-MIND selections. Evidence: retained provenance record.txt, era5_form_metadata.sample.txt, era5_layout.sample.txt.",false,2026-09-08T10:58:29.545844+00:00
era5_timeseries_surface_solar_radiation_downwards,weather,Global,Copernicus Climate Change Service / ECMWF,ERA5 hourly time-series data on single levels from 1940 to present,,surface_solar_radiation_downwards,Surface solar radiation downwards,J m-2,hourly,,1940-01-01,2026-09-03 (catalogue form maximum at check time; ongoing series),CDS catalogue metadata only in this phase; future CDS API retrieval requires approved coordinates and separate authorization,https://cds.climate.copernicus.eu/api/retrieve/v1/processes/reanalysis-era5-single-levels-timeseries,Creative Commons Attribution 4.0 International (CC BY 4.0),https://creativecommons.org/licenses/by/4.0/,true,true,true,true,10.24381/1cf1ad76,,reanalysis,ACCEPTED_CORE,Coordinator-approved canonical weather/reanalysis source; no data retrieval until coordinates are frozen.,Exact native timestamp convention and source completeness not checked; current catalogue bound is not a frozen benchmark period.,"Coordinator-approved canonical ERA5 hourly time-series source; DOI 10.24381/1cf1ad76. Exact API variable verified in official catalogue-linked form. Regular latitude-longitude atmospheric grid approximately 0.25 degree; requested location uses nearest grid point. No E-MIND coordinates selected and no CDS data retrieval requested. Vendor form contains UI defaults only, not E-MIND selections. Evidence: retained provenance record.txt, era5_form_metadata.sample.txt, era5_layout.sample.txt. Catalogue describes accumulation over the hour ending at validity time; retain J m-2 and do not silently convert to W m-2.",false,2026-09-08T10:58:29.545844+00:00
es_local_load_user_supplied,load,ES,,Spain local load — user-supplied-only placeholder,,,ES_MED local load reserved for user-supplied extension inputs; no redistributable Core dataset or substitute source selected.,,,,,,,,,,,,,,,,observed,USER_SUPPLIED_ONLY,Coordinator freeze: ES_MED is EXTENSION; local load/market use M3_USER_SUPPLIED_LOCAL pending a cleaner open source or explicit redistribution permission. REE/e-sios values are not accepted as redistributable Core data under current evidence.,,"Policy placeholder only: provider, endpoint, variable, units and licence permissions are deliberately unresolved. No substitute Spanish source is invented or selected. observed labels the intended historical-record category, not a claim of verified observations. E-MIND may distribute schema/provenance/reconstruction instructions; local load/market values are not redistributed in Core. ERA5 weather and EU diesel remain linked to ES_MED without changing its EXTENSION class. No retrieval, final coordinates or plant parameters.",false,
es_local_market_user_supplied,market,ES,,Spain local market — user-supplied-only placeholder,,,ES_MED local market reserved for user-supplied extension inputs; no redistributable Core dataset or substitute source selected.,,,,,,,,,,,,,,,,observed,USER_SUPPLIED_ONLY,Coordinator freeze: ES_MED is EXTENSION; local load/market use M3_USER_SUPPLIED_LOCAL pending a cleaner open source or explicit redistribution permission. REE/e-sios values are not accepted as redistributable Core data under current evidence.,,"Policy placeholder only: provider, endpoint, variable, units and licence permissions are deliberately unresolved. No substitute Spanish source is invented or selected. observed labels the intended historical-record category, not a claim of verified observations. E-MIND may distribute schema/provenance/reconstruction instructions; local load/market values are not redistributed in Core. ERA5 weather and EU diesel remain linked to ES_MED without changing its EXTENSION class. No retrieval, final coordinates or plant parameters.",false,
eu_ec_weekly_oil_bulletin_diesel,fuel,"EU; coordinator-relevant DE, DK, FI, ES",European Commission,Weekly Oil Bulletin — Price developments 2005 onwards,Official catalogue publication label 3 SEPTEMBER 2026; original workbook frozen 2026-09-08,,Harmonised country-level consumer diesel price for EU scenarios; precise workbook field and tax basis remain unselected.,,weekly,,2005,,"Official HTTPS historical XLSX downloaded once; ZIP/sheets and headers inspected read-only, no Germany row extraction",https://energy.ec.europa.eu/data-and-analysis/weekly-oil-bulletin_en,"European Commission reuse policy / Creative Commons Attribution 4.0 International (CC BY 4.0), unless specifically indicated otherwise",https://commission.europa.eu/legal-notice_en,true,true,true,true,,,observed,ACCEPTED_CORE,historical capture coordinator explicitly promotes this EU fuel-price source to ACCEPTED_CORE under the European Commission reuse policy / CC BY 4.0 unless specifically indicated otherwise.,Exact weekly coverage/completeness and canonical diesel tax basis/unit/timestamp convention remain for later audit. Both DE_price_with_tax_diesel and DE_price_wo_tax_diesel headers observed; no tax basis chosen.,"historical capture coordinator-qualified Commission reuse / CC BY 4.0 basis preserved; retain European Commission attribution, licence reference and indication of later changes. Native observations weekly, never hourly observations. historical capture froze one original 2005-onwards multi-country/product/tax workbook for DE_CENT; no Germany CSV extracted. Both price-history sheets contain DE diesel header BD1. Seven original sheets preserved. No separate DK/FI/ES download or scenario promotion. Evidence: retained provenance record, raw object sidecar and retained provenance record. Exact weekly rows not extracted or transformed.",true,2026-09-08T11:46:49.412640+00:00
fi_fingrid_124_load,load,FI,Fingrid Open Data,Electricity consumption in Finland,Dataset ID 124; catalogue modifiedAtUtc 2025-12-03T13:44:48.000Z,value (datasetId 124),"Official system-derived electricity consumption calculated as production plus imports minus exports, with a small unmeasured production share estimated by Fingrid.",MWh/h,hourly before 2023-06-13; 15 min from 2023-06-13 onward,UTC; ISO 8601 startTime/endTime with Z in provider catalogue examples,2014-01-01T00:00:00.000Z,,"Public catalogue and downloadable formats JSON/CSV/XLSX/XML; documented REST API requires external access setup, not attempted",https://data.fingrid.fi/en/datasets/124,Creative Commons Attribution (official dataset links to CC BY 4.0),https://creativecommons.org/licenses/by/4.0/,true,true,true,true,,"Fingrid, Electricity consumption in Finland, dataset 124. https://data.fingrid.fi/en/datasets/124",derived,ACCEPTED_CORE,"Coordinator-approved LOAD source; derived is the closest registry enum for the explicitly supplied official system calculation, not an E-MIND transformation.",Resolution changes on 2023-06-13; minor unmeasured production is estimated. Series end and complete gap coverage were not assessed.,"Scenario FI_SOUTH. Catalogue explains quarter-hour average belongs to preceding interval, e.g. timestamp 14:15 describes 14:00–14:15; retain both startTime/endTime. The official catalogue was checked and embeds 10 unique example rows (5 recent quarter-hour and 5 historical hourly); no separate data API access was verified. retrieval_verified=false deliberately denotes that no standalone data retrieval workflow was tested. No Finland market licence assessment or coordinate selection. Evidence: retained provenance record and its request metadata.",false,2026-09-08T10:57:48.195349+00:00
fi_local_day_ahead_blocked,market,FI,,Finland local day-ahead market source — blocked placeholder,,,Unselected local historical day-ahead market signal; no provider or API chosen.,,,,,,,,,,,,,,,,observed,BLOCKED,Local day-ahead values require a separate redistribution-rights resolution; public accessibility alone is not sufficient.,"Provider/source, redistribution rights and technical fields remain unresolved.","Coordinator freeze: FI_SOUTH is CORE_CLIMATE_LOAD; local day-ahead market remains BLOCKED for open redistribution. M2_COMMON_OPEN_SIGNAL and M3_USER_SUPPLIED_LOCAL remain future options; neither is selected here. No provider, licence workaround or common signal chosen. observed is the intended historical-price placeholder category, not a verified source classification.",false,
gb_desnz_weekly_diesel,fuel,United Kingdom,UK Department for Energy Security and Net Zero (DESNZ),Weekly road fuel prices,,ULSD,"Weekly average UK retail pump price of unleaded diesel (ULSD), the product description supplied by the coordinator and confirmed by the official publication.",,weekly,,2018,,Public GOV.UK publication metadata and linked CSV download,https://www.gov.uk/government/statistics/weekly-road-fuel-prices,UK Open Government Licence (OGL) v3.0,https://www.nationalarchives.gov.uk/doc/open-government-licence/version/3/,true,true,true,true,,,observed,ACCEPTED_CORE,"Coordinator-approved source conditional on official licence metadata; GOV.UK publication expressly states OGL v3.0 unless otherwise stated, with no source-specific exception found in its publication metadata.","CSV column identifier, native price unit, reference-day conventions and full coverage/completeness remain unverified; no fuel observations downloaded.","SAMPLE ONLY / NOT RELEASE DATA. Metadata-only access check. Official publication and content API list a CSV titled Weekly road fuel prices (CSV) 2018 to 2026, covering the coordinator target 2019–2023; source latest observation was not checked. ULSD is the verified product abbreviation, not a verified CSV column identifier. observed denotes provider-published aggregate retail observations, not individual station readings. Native weekly frequency retained; no hourly repetition or unit/currency conversion. Applies to UK prices used for coordinator GB scenario. OGL licence footer and terms saved; no exception was identified in the checked government metadata. Attribution includes DESNZ and the OGL v3.0 reference. Evidence: retained provenance record.",false,2026-09-08T10:59:01.816098+00:00
gb_lccc_imrp_actuals,market,GB,Low Carbon Contracts Company (LCCC),IMRP actuals,,IMRP_Amount,"Hourly Intermittent Market Reference Price: GB Day Ahead Hourly Price based on Intermittent Day Ahead Indices, calculated by the provider as a weighted average across those indices.",GBP/MWh,hourly,,,,Public CKAN catalogue and datastore API; CSV resources,https://dp.lowcarboncontracts.uk/api/3/action/package_show?id=imrp-actuals,UK Open Government Licence (OGL) v3.0,https://www.nationalarchives.gov.uk/doc/open-government-licence/version/3/,true,true,true,true,,,derived,ACCEPTED_CORE,Coordinator-approved core GB market source; M1 candidate only.,"Timezone, DST handling, full coverage and completeness not verified by the one-row check.","SAMPLE ONLY / NOT RELEASE DATA. Official catalogue links OGL v3. One API row verifies IMRP_Date, Settlement_Period and IMRP_Amount; API fields currently typed text, while the 99-byte provider field definitions specify datetime, int and numeric(13,2), with GBP/MWh in the amount label. Sample date is a text timestamp without offset; do not infer UTC. derived records the provider index calculation, not an E-MIND transformation. No GBP-to-EUR conversion; any later currency conversion requires separate provenance. Attribution required under OGL, including source and licence reference; no custom LCCC attribution statement identified in checked metadata. Evidence: retained provenance record.",true,2026-09-08T10:59:01.534183+00:00
gb_neso_historic_demand,load,GB,National Energy System Operator (NESO),Historic Demand Data,,ND,"National Demand (ND), the coordinator-approved canonical GB load variable. TSD remains an available non-canonical field.",MW,half-hour settlement periods,,,,Public CKAN catalogue and datastore API; annual CSV resources,https://api.neso.energy/api/3/action/package_show?id=historic-demand-data,NESO Open Data Licence,https://www.neso.energy/data-portal/neso-open-licence,true,true,true,true,,,derived,ACCEPTED_CORE,"historical capture coordinator decision: use ND because it excludes station load, pumped-storage pumping and interconnector exports, providing a cleaner demand-shape proxy for later microgrid scaling.",Provider reports data-quality issues and retrospective corrections; demand may be revised for balancing services. Full-year completeness and DST boundary handling not checked.,"Canonical field ND fixed by coordinator in historical capture. TSD remains documented and available; it is not discarded and is not canonical E-MIND load. ND is provider-calculated demand from operational metering excluding station load, pumped-storage pumping and interconnector exports; TSD includes these requirements and provider-estimated station load. derived describes the provider calculation, not an E-MIND transformation. MW and half-hour settlement periods preserved; no scaling performed. Earlier one-row/schema check remains SAMPLE ONLY / NOT RELEASE DATA. SETTLEMENT_DATE and SETTLEMENT_PERIOD are known; exact timezone/DST decoding and coverage need technical freeze. Retrospective corrections and quality warnings remain. Required attribution: Supported by National Energy SO Open Data. Evidence: retained provenance record; decision: retained provenance record.",true,2026-09-08T10:59:01.533134+00:00
